name,role,Latitude ,Longitude,allowed_load_types,default_units_loaded,notes
MARK MORRIS LEASE - BALLARD,pickup,35.2977,-118.834,crude,150,
10G NEW NAPHTHA OFFLOAD,dropoff,35.24073,-119.378557,crude,150,
18G LEASE,pickup,35.2308,-119.43,crude,150,
1X-16,pickup,36.4587,-119.907,crude,150,
21Z LEASE,pickup,35.306,-119.614,crude,150,
27G,pickup,35.1971,-119.392,crude,150,
35Z LEASE,pickup,35.2686,-119.577,crude,150,
58-1U LEASE,pickup,35.9512,-119.976,crude,150,
87-20 LEASE,pickup,35.0135,-119.03,crude,150,
CRC - LOST HILLS 2,pickup,35.649643,-119.745522,crude,150,
CRC 32 DEHY,pickup,36.2343,-120.363,crude,150,
AERA LEASE,pickup,35.0451,-119.378,crude,150,
AFS WATER PLANT N MIDWAY (CRC/AERA),pickup,35.235698,-119.573819,crude,150,
ALEXANDER LEASE,pickup,35.9507,-120.815,crude,150,
ALMOND CREST LEASE,pickup,35.7394,-119.84,crude,150,
ALMOND D21 LEASE,pickup,35.7354,-119.831,crude,150,
ALON CRUDE RACK,pickup,35.3741,-119.071,crude,150,
AML LEASE,pickup,35.3213,-119.736,crude,150,
AMRICH REDBANK RD,pickup,35.339,-118.888,crude,150,
ANDERSON - ETCHEGOING,pickup,35.3965,-119.751,crude,150,
ANDERSON 34 29 LEASE,pickup,35.4596,-119.849,crude,150,
ANDERSON COMPASS LEASE,pickup,36.1538,-120.408,crude,150,
ANTHILL LEASE,pickup,35.4,-118.854,crude,150,
ANZA - E&B NATURAL RESOURCES,pickup,35.5221,-119.076,crude,150,
AOQ SECTION 14 LEASE,pickup,36.1831,-120.413,crude,150,
ARCHIBALD LEASE,pickup,35.2971,-118.884,crude,150,
ARCO 36X10,pickup,35.4163,-119.176,crude,150,
ASLIN TEMBLOR,pickup,35.362,-119.772,crude,150,
ASPHALTO LEASE,both,35.295,-119.588,crude,150,
B2 LEASE,pickup,34.9914,-118.891,crude,150,
BAKERSFIELD CRUDE TERMINAL,dropoff,35.1345,-119.245,crude,150,
BAKERSFIELD TANK FARM CRIMSON,dropoff,35.4454,-119.046,crude,150,
BALFOUR LEASE,pickup,35.7937,-120.025,crude,150,
BALLAUGH LEASE,pickup,35.0432,-119.39,crude,150,
BAND FEE LEASE,pickup,35.2146,-119.567,crude,150,
BAND GOVERNMENT LEASE,pickup,35.2157,-119.56,crude,150,
BANKLINE 32 LEASE,pickup,35.103,-119.426,crude,150,
BARBARA LEASE,pickup,35.063,-119.367,crude,150,
BARDSDALE LEASE,pickup,34.3636,-118.93,crude,150,
BATTLES STATION,dropoff,34.9306,-120.408,crude,150,
BCL LEASE - AKA CRC DEVILS DEN,pickup,35.7513,-120.018,crude,150,
BELL LEASE - GREKA,pickup,34.8276,-120.325,crude,150,
BELRIDGE B LEASE,pickup,35.5683,-119.826,crude,150,
BERCHTOLD LEASE,pickup,35.3605,-119.161,crude,150,
BERRENDA MESA LEASE,pickup,35.6278,-119.869,crude,150,
BERRY FARMS LEASE,pickup,35.3414,-118.87,crude,150,
BLACK LEASE - PC OIL CO.,pickup,35.3876,-119.046,crude,150,
BLACK SATIN,pickup,35.6569,-119.015,crude,150,
BLACKWELLS CORNER UNIT,pickup,35.6437,-119.964,crude,150,
BLAIR LEASE,pickup,34.722,-120.245,crude,150,
BLINN LEASE,pickup,33.7982,-118.246,crude,150,
BLM 2-19 LEASE,pickup,35.2087,-119.655,crude,150,
BLM 329 LEASE,pickup,35.2024,-119.633,crude,150,
BOGNUDA LEASE,pickup,34.8539,-120.526,crude,150,
BOSS LEASE,pickup,35.059,-119.322,crude,150,
BOWERBANK LEASE,pickup,35.4154,-119.402,crude,150,
BOWLES LEASE,pickup,35.6408,-118.981,crude,150,
BOWLES LEASE (MISSION OIL),pickup,35.6534,-118.961,crude,150,
BOYNE LEASE,pickup,34.711,-120.218,crude,150,
BRACKEN CONSOLIDATED CONSERVATIV,pickup,35.0519,-119.392,crude,150,
BRADLEY - PCEC,pickup,34.89094,-120.404549,crude,150,
BRADLEY LANDAS LEASE,pickup,34.9041,-120.413,crude,150,
BRANDT LEASE,pickup,35.3064,-118.86,crude,150,
BREA SHEEP SPRINGS LEASE,pickup,35.3993,-119.734,crude,150,
BREMER LEASE,pickup,35.2323,-119.617,crude,150,
BRIDGEMARK - RICHFIELD,pickup,33.8754,-117.839,crude,150,
BRINAN LEASE,pickup,36.0179,-120.862,crude,150,
BRITE LEASE,pickup,35.2262,-118.866,crude,150,
BROCKMAN EM JAYCO LEASE,pickup,35.3193,-118.821,crude,150,
BROOKING LEASE,pickup,34.8442,-120.336,crude,150,
BROWN LEASE,pickup,35.3017,-118.833,crude,150,
BROWN LEASE - LEGACY PETROLEUM,pickup,35.3229,-118.837,crude,150,
BUCKWOOD LEASE,pickup,35.4263,-119.419,crude,150,
BURNS CRIST - CRIMSON,pickup,34.4579,-118.642,crude,150,
CA FEDERAL A LEASE,pickup,35.2955,-119.583,crude,150,
CAL CANAL LEASE,pickup,35.4438,-119.641,crude,150,
CALDWELL LEASE,pickup,35.5029,-118.891,crude,150,
CALEX FEDERAL,pickup,35.7324,-119.831,crude,150,
CANAL UNIT - TIGRE NERA OIL LLC,pickup,35.317453,-119.255042,crude,150,
CANTIN,pickup,34.8674,-120.309,crude,150,
CAPCO REFINERY,pickup,35.1447,-119.428,crude,150,
CAPP LEASE,pickup,36.0004,-120.872,crude,150,
CAREAGA 6-21 LEASE,pickup,34.7546,-120.36,crude,150,
CAREAGA LA # 2 LEASE,pickup,34.7662,-120.396,crude,150,
CAREAGA PHEONIX LEASE,pickup,34.8246,-120.391,crude,150,
CARNEROS LEASE,pickup,35.4549,-119.747,crude,150,
CAREAGA LEASE,pickup,34.8127,-120.401,crude,150,
CAULEY JILL LEASE,pickup,35.3132,-118.872,crude,150,
CAULEY LEASE,pickup,35.4909,-119.08,crude,150,
CCMO,pickup,35.8337,-120.05,crude,150,
CENTRAL SHIPPING FACILITY,pickup,35.0985,-119.442,crude,150,
CHAMBERLIN HATHAWAY LEASE,pickup,34.7001,-120.133,crude,150,
CHAMBERLIN LEASE (PANTHER),pickup,34.7164,-120.123,crude,150,
CHAMBRLAIN LCO DROP - PCEC,dropoff,34.730078,-120.153789,crude,150,
CHARDONNAY,pickup,35.0774,-119.092,crude,150,
CHEMOIL BERTH 209,dropoff,33.7518,-118.207,crude,150,
CHEVRON 2E,pickup,35.6986,-119.795,crude,150,
CHEVRON FEE,pickup,35.0818,-119.12,crude,150,
CIMMARON MT. POSO,pickup,35.5527,-118.936,crude,150,
CLAFLIN LEASE,pickup,35.3729,-118.842,crude,150,
COALINGA MONTEREY LEASE,pickup,35.2167,-119.566,crude,150,
COALINGA STATION - HEAVY RACK,dropoff,36.1923,-120.355,crude,150,
COALINGA STATION - LIGHT RACK,dropoff,36.1913,-120.357,crude,150,
COFFEE LEASE,pickup,35.509889,-118.883022,crude,150,
COGHLAN MCDONALD LEASE,pickup,35.2281,-119.563,crude,150,
COHN (HATHAWAY),pickup,35.3774,-118.867,crude,150,
COLM LEASE,pickup,35.4832,-119.763,crude,150,
COMINGLE LEASE KOR,pickup,35.385,-119.077,crude,150,
COMMUNITY - PETRO LUD,pickup,36.0008,-119.043,crude,150,
COMMUNITY LEASE,pickup,35.3991,-119.067,crude,150,
CONOCO LEASE,pickup,35.5369,-119.078,crude,150,
CONTINENTAL STATION - PBF,dropoff,35.1473,-119.472,crude,150,
COREY,pickup,35.3203,-118.918,crude,150,
CRANE LEASE,pickup,34.9954,-118.896,crude,150,
CRC 27 R,pickup,35.280664,-119.48434,crude,150,
CRC BV HILLS 27G,pickup,35.19919,-119.389538,crude,150,
CRC HUNTINGTON BEACH,pickup,33.6697,-118.017,crude,150,
CRC N SHAFTER LEASE - BLAZE 2H,pickup,35.528736,-119.272008,crude,150,
CRC/AERA METSON LEASE,pickup,35.020404,-119.287506,crude,150,
CRIMSON USA-1,pickup,35.054,-119.331,crude,150,
CROWN LEASE,pickup,35.0501,-118.779,crude,150,
CUCCIA,pickup,35.5557,-119.083,crude,150,
CUNNINGHAM LEASE,pickup,35.1504,-119.492,crude,150,
CUYAMA LEASE,pickup,34.902,-119.706,crude,150,
CUYAMA SOUTH LEASE,pickup,34.959,-119.713,crude,150,
CWOD LEASE,pickup,35.3054,-119.709,crude,150,
DAGNEY GAP LEASE,pickup,35.7754,-120.019,crude,150,
DAVIS - PCEC LCO DROP,dropoff,34.724,-120.136472,crude,150,
DAVIS SMITH LEASE,pickup,35.8503,-120.063,crude,150,
CLEMENS,pickup,35.31073813,-118.9039448,crude,150,
DEBBIE LEASE,pickup,36.514,-120,crude,150,
DELANY TUNNEL,pickup,34.8467,-120.327,crude,150,
DERBY,pickup,35.269885,,crude,150,
DIAS LEASE,pickup,34.8884,-120.312,crude,150,
10G T427 DILUENT OFFLOAD,pickup,35.239665,-119.379999,crude,150,
DIXIE LEE LEASE,pickup,35.3945,-119.051,crude,150,
DODGE LEASE,pickup,35.0457,-119.352,crude,150,
DOME LEASE,pickup,35.2207,-119.585,crude,150,
DON CERINI,pickup,36.438,-119.89,crude,150,
DORSEY LEASE,pickup,35.549,-118.931,crude,150,
DOUGHERTY LEASE,pickup,35.9469,-119.977,crude,150,
DRUM CANYON LEASE,pickup,34.718,-120.278,crude,150,
DRYDEN - CRC,pickup,34.3622,-118.921,crude,150,
DULCICH,pickup,35.0933,-119.136,crude,150,
DULCICH LEASE,pickup,35.0937,-119.133,crude,150,
DYER CREEK LEASE,pickup,35.6793,-119.034,crude,150,
DYSON LEASE,pickup,36.4827,-119.842,crude,150,
E&B ANDERSON,pickup,35.3029,-119.682,crude,150,
E&B CARIBOU,pickup,35.502,-119.085,crude,150,
E&B MCVANN,pickup,35.5855,-119.044,crude,150,
E&B RIO BRAVO,pickup,35.5463,-119.079,crude,150,
EAGLE SUNSET LEASE,pickup,36.6134,-120.058,crude,150,
EDISON SECURITY LEASE,pickup,35.3464,-118.91,crude,150,
ELLIOT UNDERGROUND - O'CONNER,pickup,36.403414,-120.993444,crude,150,
ELLIOTT-GLIDE 1-27 (PETRO-LUD),pickup,35.549056,-118.957611,crude,150,
EM LEASE,pickup,35.4388,-118.95,crude,150,
EMIDIO STATION,pickup,35.0597,-119.065,crude,150,
ENAS 21 LEASE,pickup,35.5626,-119.079,crude,150,
ENGINEER OIL LEASE,pickup,35.2319,-119.575,crude,150,
ENOS LEASE,pickup,34.927,-120.393,crude,150,
ENRON 1 34 LEASE,pickup,35.2791,-119.178,crude,150,
ERG CAT CANYON - 2ND POINT,pickup,34.8386,-120.302,crude,150,
ERG CAT CANYON LEASE,pickup,34.8377,-120.3,crude,150,
ESCOLLE - AMRICH ENERGY,pickup,34.8348,-120.472,crude,150,
ESSEX,pickup,35.0749,-119.371,crude,150,
ETHEL D LEASE,pickup,35.0787,-119.385,crude,150,
F.E SMITH LOADING POINT,pickup,35.3052,-119.682,crude,150,
FONTS COURTNEY,pickup,36.4428,-119.883,crude,150,
FOTH,pickup,35.415858,-119.055785,crude,150,
FOUR DEER,pickup,34.8013,-120.352,crude,150,
FRUITVALE LOADING FACILITY,pickup,35.3869,-119.066,crude,150,
FULTON NEPPLE ,pickup,33.944,-118.079,crude,150,
G2 M LEASE,pickup,35.0234,-118.995,crude,150,
GABRIEL 12 Y LEASE,pickup,35.3233,-119.663,crude,150,
GABRIEL LEASE,pickup,36.5003,-119.982,crude,150,
GABRIEL ROBERTSON,pickup,35.3194,-119.667,crude,150,
GAS PLANT,pickup,35.5645,-119.472,crude,150,
GENERAL CARBON,dropoff,33.9719,-118.244,crude,150,
GETTY LEASE,pickup,35.8469,-120.059,crude,150,
GIBSON (NEWBERRY) LEASE,pickup,35.4507,-118.872,crude,150,
GIL SESNON,pickup,35.502,-119.095,crude,150,
GILL (MITCHELL OIL),pickup,35.5036,-119.095,crude,150,
GLIDE 33 - CRC,pickup,35.5395,-118.96,crude,150,
GLIDE SECTION 15 LEASE,pickup,35.5739,-118.953,crude,150,
GOFORTH LEASE,pickup,35.3191,-119.659,crude,150,
GRADE 6,pickup,35.4358,-119.006,crude,150,
GRAHAM FACILITY,pickup,35.3347,-118.869,crude,150,
GREELEY OIL LEASE - CRIMSON RESOURCES,pickup,35.4173,-119.231,crude,150,
GREKA - CAP REFINERY,dropoff,34.9302,-120.511,crude,150,
GREKA - SECURITY LEASE,pickup,34.8622,-120.335,crude,150,
GUMP TRUST,pickup,35.6323,-119.867,crude,150,
GUSTI LWTO LEASE,pickup,35.4025,-119.051,crude,150,
HALL SHEEP SPRINGS LEASE,pickup,35.4026,-119.729,crude,150,
HANCOCK LEASE,pickup,34.94,-120.399,crude,150,
HARNISH MCCORMICK,pickup,36.4355,-120.14,crude,150,
HART DARREN,pickup,35.0654,-119.369,crude,150,
HATHAWAY - JASMINE,pickup,35.756,-119.059,crude,150,
HAZELTON LEASE,pickup,35.043,-119.351,crude,150,
HELM EAST,pickup,36.4468,-120.004,crude,150,
HELM LEASE,pickup,36.4719,-120.043,crude,150,
HERSHEY LEASE,pickup,35.3145,-118.83,crude,150,
HOEY 1-20,pickup,36.4371,-120.144,crude,150,
HOLMES WESTERN LEASE,pickup,35.0657,-119.337,crude,150,
HOPKINS E&B,pickup,35.53006,-119.85824,crude,150,
HOPKINS LEASE,pickup,35.4181,-119.702,crude,150,
HOUCHIN LEASE,pickup,35.2409,-119.624,crude,150,
HOUGHTON LEASE,pickup,35.3583,-119.158,crude,150,
HOYT (SENECA) LEASE,pickup,35.0562,-119.381,crude,150,
HOYT LEASE,pickup,35.341,-119.648,crude,150,
HUNSUCKER LEASE,pickup,34.2026,-119.107,crude,150,
ISABEL LEASE,pickup,35.5585,-119.081,crude,150,
J V SMITH LEASE,pickup,34.9887,-118.926,crude,150,
JADE KERN LEASE,pickup,35.1501,-119.484,crude,150,
JADE WOODWARD LEASE,pickup,35.147,-119.493,crude,150,
JASMINE,pickup,35.7442,-119.045,crude,150,
JENSON,pickup,36.4334,-119.872,crude,150,
JEWETT LEASE,pickup,35.2155,-118.839,crude,150,
JOHNSON LEASE,pickup,35.3641,-119.204,crude,150,
JONES LEASE,pickup,35.6517,-118.962,crude,150,
JUNCTION STATION,dropoff,35.6473,-119.956,crude,150,
JUTBU LEASE,pickup,36.0792,-120.324,crude,150,
JZU BRITE LEASE,pickup,35.2262,-118.866,crude,150,
KAPGEG #1 DOLE ENTERPRISES,pickup,35.4069,-119.159,crude,150,
KARPE LEASE,pickup,35.3646,-119.17,crude,150,
KB ANDERSON LEASE,pickup,35.3849,-119.763,crude,150,
KB BALL LEASE,pickup,35.3607,-119.69,crude,150,
KCL (HATHAWAY) LEASE,pickup,35.395,-119.053,crude,150,
KCL A LEASE,pickup,35.3131,-119.145,crude,150,
KCL LEASE,pickup,35.3651,-119.064,crude,150,
KCL-58,pickup,,,crude,150,
KEMP LEASE - TEAM OPERATING,pickup,34.8968,-120.386,crude,150,
KERN FRONT SEC. 27 LEASE,pickup,35.4568,-119.055,crude,150,
KERN OIL REFINING,pickup,35.2949,-118.917,crude,150,
KERN OIL TEN SECTION LEASE,pickup,35.2819,-119.221,crude,150,
KERNLAND LEASE,pickup,35.3688,-119.056,crude,150,
KETTLEMAN STATION (LOWER RACK),pickup,35.9979,-119.964,crude,150,
KEVIN'S HOME,pickup,35.4212,-119.13,crude,150,
KINDER MORGAN FRESNO,pickup,36.6747,-119.747,crude,150,
KING AND ELLIS LEASE,pickup,35.466,-119.75,crude,150,
KING ELLIS 20 DEHY LACT,pickup,35.4768,-119.743,crude,150,
KING SECTION 16,pickup,35.1414,-119.403,crude,150,
KKSCW - SENTINEL PEAK,pickup,,,crude,150,
KNOWLES LEASE,pickup,35.1839,-118.843,crude,150,
KOR CRUDE RACK,pickup,35.2948,-118.913,crude,150,
KOR SCALES,pickup,35.2958,-118.924,crude,150,
KRUGER,pickup,,,crude,150,
KUHNS TRUST,pickup,35.489,-119.465,crude,150,
LAS PALMAS OIL & DEHYDRATION,pickup,35.3875,-119.048,crude,150,
LAYMAN - CRC,pickup,35.4877,-119.855,crude,150,
LAYMANCE LEASE,pickup,35.3033,-119.633,crude,150,
LCO AZUZA,pickup,34.1209,-117.937,crude,150,
LENHARDT,pickup,35.4734,-119.058,crude,150,
LEROY PINE LEASE,pickup,34.9406,-120.523,crude,150,
LEWIS TRICO LEASE,pickup,35.6221,-118.956,crude,150,
LINCOLN,pickup,35.0377,-119.376,crude,150,
LITTLE CREEK,pickup,35.6449,-118.957,crude,150,
LOMBARDI LEASE,pickup,35.988,-120.878,crude,150,
LOVGREN,pickup,35.3662,-119.204,crude,150,
LOWER 9 LEASE,pickup,35.4226,-118.979,crude,150,
LUETHOLTZ,pickup,35.0276,-119.328,crude,150,
LUNDAY THAGARD REFINERY,pickup,33.946,-118.165,crude,150,
LUTON LEASE,pickup,34.7345,-120.16,crude,150,
LV SMITH LEASE,pickup,35.3423,-118.92,crude,150,
LYNCH CANYON,pickup,35.9961,-120.846,crude,150,
M AND M LEASE,pickup,35.2942,-119.657,crude,150,
MABLE STRAWN - CRIMSON,pickup,34.4537,-118.643,crude,150,
MABRY LEASE,pickup,35.5259,-119.079,crude,150,
MACPHERSON - ROUND MOUNTAIN LEASE,pickup,35.491,-118.896,crude,150,
MACPHERSON MT. POSO,pickup,35.5725,-118.993,crude,150,
MAGENHEIMER LEASE,pickup,34.7947,-120.263,crude,150,
MAK OIL,pickup,,,crude,150,
MALIBU 23-1,pickup,35.6452,-119.473,crude,150,
MARICOPA LEASE,pickup,35.0497,-119.363,crude,150,
MARICOPA WELLINGTON LEASE,pickup,35.0548,-119.354,crude,150,
MARILYN FEE A LEASE,pickup,35.73,-119.991,crude,150,
MARILYN FEE B LEASE,pickup,35.7282,-119.99,crude,150,
MARILYN LEBARON LEASE,pickup,35.7311,-119.992,crude,150,
MARK MORRIS HARRIS LEASE - BALLARD OIL,pickup,35.2958,-118.826,crude,150,
MATTSON,pickup,,,crude,150,
MCKITTRICK STATION,dropoff,35.3247,-119.651,crude,150,
MCPHAIL LEASE,pickup,35.5368,-119.776,crude,150,
MCVANN LEASE,pickup,35.5804,-119.04,crude,150,
MEADOWS RANCH LEASE,pickup,35.2645,-119.564,crude,150,
METSON STATION,pickup,35.0168,-119.289,crude,150,
METTLER OIL LEASE - AMRICH,pickup,35.2993,-118.825,crude,150,
MIDDLE DOME ENTRANCE,pickup,35.899,-119.915,crude,150,
MIDDLE DOME LEASE,pickup,35.9001,-119.954,crude,150,
MIDNORTH LEASE,pickup,35.0852,-119.362,crude,150,
MIDWAY PACIFIC LEASE,pickup,35.2217,-119.565,crude,150,
MIDWAY PREMIER LEASE,pickup,35.5341,-119.086,crude,150,
MIDWAY PREMIER VICTORY LEASE,pickup,35.3785,-119.705,crude,150,
MINERALS DONOVAN LEASE,pickup,34.9518,-120.593,crude,150,
MING 2,pickup,35.3947,-119.247,crude,150,
MING LEASE,pickup,35.3916,-119.242,crude,150,
MIOCENE LEASE,pickup,35.0772,-119.353,crude,150,
MOBILE OIL CORP,pickup,35.9499,-120.861,crude,150,
MOCO LEASE LOADING POINT,pickup,35.0928,-119.433,crude,150,
MONUMENT JUNCTION,pickup,,,crude,150,
MT POSO LEASE,pickup,35.597,-118.968,crude,150,
N AND W LEASE,pickup,35.0513,-119.371,crude,150,
NATIONAL DEVELOPMENT - MERIZOIAN- LEGACY OIL 2021,pickup,35.9946,-119.04,crude,150,
NEEDHAM BLOOMER,pickup,35.4152,-118.908,crude,150,
NEW HOPE EAST,pickup,35.5561,-119.083,crude,150,
NEW HOPE LEASE - BELAIRE,pickup,35.554,-119.096,crude,150,
NEWBERRY (GIBSON) LEASE,pickup,35.4507,-118.872,crude,150,
NEWHALL LEASE,pickup,34.8327,-120.475,crude,150,
NEWLOVE LEASE,pickup,34.8224,-120.413,crude,150,
NIXON LEASE,pickup,35.1835,-119.393,crude,150,
NL&F - NORTH TAPO FIELD - PATRIOT RESOURCES,pickup,,,crude,150,
NOBLE SECTION 29,pickup,36.4686,-120.029,crude,150,
NORRIS BAYLISS,pickup,35.8111,-120.041,crude,150,
NORRIS LEASE,pickup,35.8111,-120.04,crude,150,
NORTH CHARDONNAY,pickup,35.0911,-119.101,crude,150,
NORTH DOME,pickup,36.0745,-120.148,crude,150,
NORTH ROSEDALE RANCH LEASE,pickup,35.4421,-119.15,crude,150,
O BRIEN LEASE,pickup,35.0654,-119.37,crude,150,
OLCESE LEASE,pickup,35.4917,-118.86,crude,150,
OMB LEASE,pickup,34.9894,-118.911,crude,150,
OPAQUE LEASE,pickup,35.5456,-119.864,crude,150,
ORCHARD LEASE,pickup,35.7973,-120.031,crude,150,
ORRADRE LEASE,pickup,35.9494,-120.816,crude,150,
OVERLAND ANDERSON LEASE,pickup,35.3942,-119.735,crude,150,
OXY ELK HILLS,pickup,35.2406,-119.38,crude,150,
PACLAND LEASE,pickup,36.6544,-120.129,crude,150,
PALOMA LEASE,pickup,35.1951,-119.223,crude,150,
PALOMA LEASE - PLAINS,pickup,35.1668,-119.172,crude,150,
PALOMA POCO LEASE,pickup,35.1844,-119.185,crude,150,
PALOMA STATION,dropoff,35.1779,-119.161,crude,150,
PALOMA SYMONS LEASE,pickup,35.1655,-119.129,crude,150,
PARCEL K DCD LAND,pickup,,,crude,150,
PARKINSON LEASE,pickup,35.0715,-119.346,crude,150,
PARRIS LEASE,pickup,35.1476,-119.488,crude,150,
PATRICIA,pickup,35.1685,-119.513,crude,150,
PAUL LEASE - POWERDRIVE ENERGY,pickup,35.3661,-119.201,crude,150,
PBF TORRANCE,dropoff,33.8564,-118.338,crude,150,
PEDRO CUMMINGS,pickup,,,crude,150,
PENTARCH LEASE,pickup,36,-119.053,crude,150,
PENTLAND STATION,dropoff,35.0526,-119.316,crude,150,
PESHINE LEASE,pickup,34.8372,-120.507,crude,150,
PETER'S,pickup,36.4895,-119.923,crude,150,
PETRO-LUD FEEPORT 5 WELL,pickup,35.3101,-118.903,crude,150,
PHIPPIN E&B,pickup,,,crude,150,
PICKRELL-MITCHELL E&B,pickup,,,crude,150,
PINAL LEASE,pickup,34.8378,-120.414,crude,150,
PINE MEADOWS LEASE,pickup,35.2658,-119.564,crude,150,
PIONEER CANAL,pickup,35.3396,-119.292,crude,150,
PIONEER KCL 44 - CRIMSON,pickup,35.0003,-119.255,crude,150,
PIONEER LEASE,pickup,35.34,-119.289,crude,150,
PLACERITA CANYON LEASE,pickup,34.3849,-118.494,crude,150,
PORT FEE LEASE,pickup,35.3147,-118.821,crude,150,
PORTALS 67-5,pickup,,,crude,150,
PORTALS LEASE,pickup,35.3427,-118.888,crude,150,
PORTALS LEASE - CALGEM,pickup,35.354,-118.861,crude,150,
PORTER - HATHAWAY,pickup,35.5627,-119.099,crude,150,
PORTER 1 - PETRO LUD,pickup,35.3188,-118.91,crude,150,
POSCAL LEASE - GRIFFIN RESOURCES,pickup,,,crude,150,
PRICE CANYON,pickup,35.185,-120.621,crude,150,
QUINN LEASE,pickup,35.3534,-119.16,crude,150,
REARDON LEASE,pickup,35.262,-119.601,crude,150,
RICHARDS LEASE,pickup,35.2196,-118.843,crude,150,
RICHARDSON KB OIL,pickup,35.4054,-119.753,crude,150,
RICHARDSON LEASE,pickup,35.4055,-119.753,crude,150,
RIO BRAVO LEASE,pickup,35.4566,-119.274,crude,150,
RIO VIEJO,pickup,35.0818,-119.116,crude,150,
RIPLEY TATUM LEASE,pickup,35.0203,-119.296,crude,150,
RIPLEY TRUST,pickup,35.0171,-119.286,crude,150,
RIPPERDAN,pickup,36.6218,-120.066,crude,150,
RIVERDALE LEASE,pickup,36.4527,-119.905,crude,150,
ROBINSON B DEHY LEASE,pickup,35.4735,-119.058,crude,150,
ROCO - TEJON HILLS,pickup,35.0365,-118.787,crude,150,
ROCO LEASE - KEN BEARD,pickup,35.3986,-119.751,crude,150,
ROSECRANS - MAVERICK NATURAL RESOURCES (BREITBURN ENERGY),pickup,33.9017,-118.276,crude,150,
ROSEDALE TRIO LEASE,pickup,35.4421,-119.151,crude,150,
ROSENBERG - CHEVRON USA SAN ARDO,pickup,35.9654,-120.872,crude,150,
RUSSELL RANCH LEASE,pickup,34.9971,-119.81,crude,150,
S.P. GRANITE (E/B),pickup,35.6067,-118.947,crude,150,
SADD LEASE - CRIMSON,pickup,34.4579,-118.64,crude,150,
SADIE ANDREWS LEASE,pickup,35.3653,-118.876,crude,150,
SALANDINO,pickup,34.8495,-120.505,crude,150,
SALT CREEK (PLAINS) LEASE,pickup,35.4013,-119.759,crude,150,
SALT CREEK LEASE,pickup,35.3968,-119.746,crude,150,
SAN JOAQUIN LEASE,pickup,36.5895,-120.153,crude,150,
SAN JOAQUIN REFINING,dropoff,35.396,-119.047,crude,150,
SANGER LEASE,pickup,36.1318,-120.198,crude,150,
SANTA FE LEASE,pickup,35.4601,-119.851,crude,150,
SANTA FE SPRINGS - MAVERICK NATURAL RESOURCES,pickup,33.9405,-118.058,crude,150,
SANTIAGO CREEK,pickup,35.0334,-119.344,crude,150,
SCT LEASE,pickup,34.9658,-118.862,crude,150,
SE CORNER,pickup,,,crude,150,
SEABOARD SAUNDERS LEASE,pickup,35.7282,-119.839,crude,150,
SECOND LEFT TURN TO 10G,pickup,,,crude,150,
SECTION 10,pickup,35.1571,-119.381,crude,150,
SECTION 12Y LEASE,pickup,35.3224,-119.676,crude,150,
SECTION 14 KOR,pickup,35.7551,-120.002,crude,150,
SECTION 14 LEASE,pickup,35.1516,-119.37,crude,150,
SECTION 19 - HOWARD E CAYWOOD INC.,pickup,,,crude,150,
SECTION 21,pickup,35.4816,-119.078,crude,150,
SECTION 23 - CRC,pickup,35.4719,-119.037,crude,150,
SECTION 26 FEE EAST,pickup,35.1967,-119.469,crude,150,
SECTION 26 FEE WEST,pickup,35.1957,-119.478,crude,150,
SECTION 26 USL,pickup,35.3792,-118.842,crude,150,
SECTION 27 JACALITOS - PETRO-LUD,pickup,36.0762,-120.326,crude,150,
SECTION 27 RACETRACK,pickup,35.3725,-118.845,crude,150,
SECTION 30,pickup,35.1199,-119.44,crude,150,
SECTION 35 LEASE,pickup,35.4554,-119.034,crude,150,
SECTION 5,pickup,35.5215,-119.083,crude,150,
SECTION 7 Y,pickup,35.8486,-120.061,crude,150,
SECTION 8 LEASE,pickup,36.1131,-120.378,crude,150,
SESNON LEASE,pickup,35.4984,-119.084,crude,150,
SESNON PETRO CAPITAL,pickup,35.4968,-119.092,crude,150,
SEVIER LEASE - UYBC LLC - TRAVIS GODDARD,pickup,35.2088,-119.655,crude,150,
SHALE STATION,pickup,35.2161,-119.565,crude,150,
SHANNON LEASE,pickup,35.8002,-120.032,crude,150,
SHEEHAN LEASE,pickup,35.0505,-119.358,crude,150,
SHELL LEASE,pickup,35.7448,-119.845,crude,150,
SMITH - HATHAWAY,pickup,35.7232,-120,crude,150,
SMV 16-A LEASE,pickup,34.9439,-120.573,crude,150,
SMVRR YARD,pickup,34.9357,-120.464,crude,150,
SNOOK & WELLS LEASE,pickup,35.0603,-119.394,crude,150,
SNOW LEASE - TIGRE NERA OIL,pickup,,,crude,150,
SOCAL GAS - PLAYA DEL REY,pickup,33.9642,-118.438,crude,150,
SOLADINO,pickup,34.8496,-120.505,crude,150,
SON CRAIL,pickup,35.056,-119.352,crude,150,
SOUTH MOUNTAIN - YALE RICHARDSON,pickup,,,crude,150,
SOUTH ROSEDALE RANCH LEASE,pickup,35.4369,-119.15,crude,150,
SOUTH SALINAS - HAMES VALLEY TRIO,pickup,35.8259,-120.83,crude,150,
SOWERS FEE LEASE,pickup,35.3902,-119.046,crude,150,
SPEED,pickup,35.3289,-118.847,crude,150,
SPOLSDOFF,pickup,36.4294,-119.888,crude,150,
STANFORD LEASE,pickup,35.4659,-119.849,crude,150,
STAR ROBINSON LEASE,pickup,35.476,-119.059,crude,150,
STAR USL LEASE,pickup,35.4762,-119.059,crude,150,
STATION 4 LEASE,pickup,36.2347,-120.298,crude,150,
STENDERUP 56 (MOUNTAINVIEW),pickup,35.2011,-118.869,crude,150,
STOCKTON LEASE KOR,pickup,35.2073,-118.818,crude,150,
STRAND LEASE,pickup,35.3492,-119.251,crude,150,
SUMPF-HELM 1 - 3MB OIL & GAS,pickup,,,crude,150,
SUNDAY CENTRAL LEASE,pickup,35.6637,-119.011,crude,150,
SUNSET LEASE,pickup,35.0504,-119.356,crude,150,
SUNSET PUMPING STATION,pickup,35.0972,-119.392,crude,150,
SURFLUH 14 LEASE,pickup,36.6275,-120.082,crude,150,
SUZANNE LEMONS LEASE,pickup,35.8392,-120.054,crude,150,
SUZZANE COMPASS LEASE,pickup,35.8433,-120.054,crude,150,
SW CORNER,pickup,,,crude,150,
SWAN LEASE,pickup,35.4927,-118.947,crude,150,
T.B.I.D LEGACY OIL,pickup,35.9929,-119.04,crude,150,
TARGET LEASE - CALIFORNIA PETROLEUM GROUP,pickup,35.1861,-119.532,crude,150,
TEETER TOTTER,pickup,35.0588,-119.397,crude,150,
TEJON A CRC,pickup,,,crude,150,
TEJON NORTH CTB - MISSION C 64B,pickup,35.0265,-118.963,crude,150,
TEJON RANCH - (PLAINS PURCHASED CRUDE 4/20),pickup,35.0866,-118.813,crude,150,
TEJON RANCH - LONGBOW LLC,pickup,,,crude,150,
TEMBLOR LEASE,pickup,35.4036,-119.748,crude,150,
TEN SECTION,pickup,35.2869,-119.213,crude,150,
TEN SECTION - CALIFORNIA OIL,pickup,35.3,-119.239,crude,150,
TEN WEST SEC 35,pickup,34.9935,-119.092,crude,150,
TENBY(OXNARD),pickup,34.196,-119.126,crude,150,
TETRA CAULEY,pickup,35.4982,-119.08,crude,150,
TETRA TECH - POLB REGISTRATION STICKERS,pickup,33.7824,-118.211,crude,150,
TEXACO FEE LEASE,pickup,35.7598,-119.862,crude,150,
THE SPOT,pickup,35.5798,-119.713,crude,150,
THETA 12 LEASE,pickup,35.6751,-119.775,crude,150,
THETA 30 LEASE,pickup,35.4681,-119.858,crude,150,
THETA LEASE,pickup,35.4815,-119.837,crude,150,
THOMPKINS LEASE,pickup,34.837,-120.507,crude,150,
TOGADAMS LEASE,pickup,34.9432,-120.55,crude,150,
TOGNAZZINI LEASE,pickup,34.7839,-120.246,crude,150,
TRANSITION LEASE - AKA GRAPEVINE CRC,pickup,34.9858,-118.93,crude,150,
TRAVIS LEASE,pickup,34.8757,-120.309,crude,150,
TRIBE B LEASE,pickup,35.5508,-118.965,crude,150,
TRICOR REFINING COMPANY,pickup,35.4182,-119.011,crude,150,
TRINO LEASE,pickup,35.2458,-118.865,crude,150,
TRIO LEASE,pickup,35.3454,-119.006,crude,150,
TULARE LEASE,pickup,35.2981,-119.656,crude,150,
TUMBADOR LEASE,pickup,35.2229,-119.587,crude,150,
TUNNELL LEASE,pickup,34.8808,-120.319,crude,150,
TWISSLEMAN ANDERSON LEASE,pickup,35.4125,-119.744,crude,150,
UNION - TRIO PETROLEUM,pickup,,,crude,150,
UNION BANK LEASE,pickup,35.7639,-119.868,crude,150,
UNION SUGAR LEASE,pickup,34.9518,-120.593,crude,150,
USL (PLAINS) LEASE,pickup,35.4238,-119.765,crude,150,
USL 15 LEASE,pickup,35.1422,-119.492,crude,150,
USL 4 LEASE,pickup,35.2542,-119.61,crude,150,
USL HATHAWAY,pickup,35.57,-119.091,crude,150,
USL LEASE,pickup,35.4238,-119.765,crude,150,
VALERO ASPHALT - WILMINGTON,dropoff,33.7801,-118.238,crude,150,
VALLEY PACIFIC BULK PLANT,pickup,35.4464,-119.254,crude,150,
VEDDER LEASE,pickup,35.2394,-119.609,crude,150,
VEDDER PARKFORD LEASE,pickup,35.4164,-118.919,crude,150,
VILLARD LEASE - GRIFFIN RESOURCES,pickup,,,crude,150,
VINTAGE STORAGE FACILITY,pickup,35.5255,-119.27,crude,150,
VOIGT E&B,pickup,,,crude,150,
WAGE LEASE,pickup,35.6545,-119.961,crude,150,
WEBBER LEASE,pickup,35.2768,-119.593,crude,150,
WEST SLOPE LEASE,pickup,35.8333,-120.05,crude,150,
WF36,pickup,35.6215,-119.332,crude,150,
WHEAT LEASE,pickup,34.9283,-120.438,crude,150,
WHEELER RIDGE KCL - L-SOUTH,pickup,34.994,-118.971,crude,150,
WHIPTAIL MIDSTREAM SHIPPING FACILITY,pickup,36.2255,-107.529,crude,150,
WHITE WOLF LEASE,pickup,35.0085,-119.134,crude,150,
WICKENDEN LEASE,pickup,34.8164,-120.241,crude,150,
WIGGINS LEASE,pickup,36.5701,-120.024,crude,150,
WILCOX,pickup,35.5186,-119.079,crude,150,
WILLIAMS E&B,pickup,,,crude,150,
WILLIAMS HOLDING LEASE,pickup,34.8522,-120.281,crude,150,
X&Y TERMINAL,dropoff,33.763,-118.218,crude,150,
YOUNG FEE DOS TRES LEASE,pickup,35.3056,-118.834,crude,150,
YOWLUMNE LEASE CRC,pickup,,,crude,150,
ZACA - CHAMBERLIN/DAVIS GREKA,pickup,34.7266,-120.148,crude,150,
ZENITH DOMINGUEZ HILLS TERMINAL,dropoff,,,crude,150,
